elapsed_s,timestamp,pressure_hpa,gps_accuracy_m,gps_speed_mps,mag_ut
1,2026-07-13T13:23:52Z,1006.10,14.25,3.55,24.63
2,2026-07-13T13:23:53Z,1006.08,14.25,3.36,19.78
3,2026-07-13T13:23:54Z,1006.05,14.25,3.64,20.39
4,2026-07-13T13:23:55Z,1006.03,14.25,3.75,19.75
5,2026-07-13T13:23:56Z,1006.02,14.25,4.27,20.32
6,2026-07-13T13:23:57Z,1006.00,14.25,4.27,19.49
7,2026-07-13T13:23:58Z,1005.99,14.25,4.09,18.89
8,2026-07-13T13:23:59Z,1005.98,14.25,4.21,17.84
9,2026-07-13T13:24:00Z,1005.96,14.25,4.29,17.82
10,2026-07-13T13:24:01Z,1005.95,14.25,3.93,19.30
11,2026-07-13T13:24:02Z,1005.93,14.25,3.56,18.73
12,2026-07-13T13:24:03Z,1005.92,14.25,2.73,19.97
13,2026-07-13T13:24:04Z,1005.92,14.25,2.98,23.22
14,2026-07-13T13:24:05Z,1005.91,14.25,2.61,23.53
15,2026-07-13T13:24:06Z,1005.90,14.25,2.84,21.08
16,2026-07-13T13:24:07Z,1005.89,14.25,2.55,20.34
17,2026-07-13T13:24:08Z,1005.87,14.25,1.77,35.35
18,2026-07-13T13:24:09Z,1005.86,14.25,1.42,34.23
19,2026-07-13T13:24:10Z,1005.85,14.25,1.18,33.86
20,2026-07-13T13:24:11Z,1005.85,14.25,0.00,33.93
21,2026-07-13T13:24:12Z,1005.85,14.25,0.00,33.52
22,2026-07-13T13:24:13Z,1005.85,14.25,0.39,33.14
23,2026-07-13T13:24:14Z,1005.85,14.25,0.81,32.54
24,2026-07-13T13:24:15Z,1005.85,14.25,0.81,33.63
25,2026-07-13T13:24:16Z,1005.85,14.25,0.81,33.07
26,2026-07-13T13:24:17Z,1005.85,14.25,0.81,32.41
27,2026-07-13T13:24:18Z,1005.84,14.25,2.18,33.27
28,2026-07-13T13:24:19Z,1005.83,14.25,2.15,34.22
29,2026-07-13T13:24:20Z,1005.82,14.25,2.08,32.64
30,2026-07-13T13:24:21Z,1005.82,14.25,1.38,31.92
31,2026-07-13T13:24:22Z,1005.82,14.25,1.15,32.99
32,2026-07-13T13:24:23Z,1005.84,14.25,1.15,34.08
33,2026-07-13T13:24:24Z,1005.87,14.25,3.16,31.75
34,2026-07-13T13:24:25Z,1005.90,14.25,4.47,31.98
35,2026-07-13T13:24:26Z,1005.94,14.25,5.64,30.30
36,2026-07-13T13:24:27Z,1005.99,14.25,5.63,29.34
37,2026-07-13T13:24:28Z,1006.04,14.25,5.40,31.34
38,2026-07-13T13:24:29Z,1006.10,14.25,5.66,30.71
39,2026-07-13T13:24:30Z,1006.15,14.25,5.11,29.79
40,2026-07-13T13:24:31Z,1006.20,14.25,4.14,29.66
41,2026-07-13T13:24:32Z,1006.25,14.25,3.57,33.55
42,2026-07-13T13:24:33Z,1006.30,14.25,3.18,24.29
43,2026-07-13T13:24:34Z,1006.35,14.25,2.67,18.21
44,2026-07-13T13:24:35Z,1006.39,14.25,2.14,18.20
45,2026-07-13T13:24:36Z,1006.43,14.25,1.28,28.82
46,2026-07-13T13:24:37Z,1006.46,14.25,1.28,34.49
47,2026-07-13T13:24:38Z,1006.48,14.25,0.00,34.00
48,2026-07-13T13:24:39Z,1006.49,14.25,0.07,33.63
49,2026-07-13T13:24:40Z,1006.50,14.25,0.00,33.57
50,2026-07-13T13:24:41Z,1006.50,14.25,0.00,33.61
51,2026-07-13T13:24:42Z,1006.51,14.25,0.00,33.54
52,2026-07-13T13:24:43Z,1006.51,14.25,0.00,33.35
53,2026-07-13T13:24:44Z,1006.51,14.25,0.00,33.34
54,2026-07-13T13:24:45Z,1006.51,14.25,0.00,33.51
55,2026-07-13T13:24:46Z,1006.51,14.25,0.00,33.17
56,2026-07-13T13:24:47Z,1006.51,14.25,0.00,33.04
57,2026-07-13T13:24:48Z,1006.52,14.25,0.00,33.29
58,2026-07-13T13:24:49Z,1006.52,14.25,0.00,33.48
59,2026-07-13T13:24:50Z,1006.52,14.25,0.00,33.33
60,2026-07-13T13:24:51Z,1006.52,14.25,0.00,33.65
61,2026-07-13T13:24:52Z,1006.52,14.25,0.00,33.28
62,2026-07-13T13:24:53Z,1006.52,14.25,0.00,33.58
63,2026-07-13T13:24:54Z,1006.52,14.25,0.00,33.24
64,2026-07-13T13:24:55Z,1006.52,14.25,0.00,33.47
65,2026-07-13T13:24:56Z,1006.51,14.25,0.00,33.76
66,2026-07-13T13:24:57Z,1006.50,14.25,0.00,33.47
67,2026-07-13T13:24:58Z,1006.49,14.25,0.00,33.89
68,2026-07-13T13:24:59Z,1006.49,14.25,0.00,33.61
69,2026-07-13T13:25:00Z,1006.49,14.25,0.37,24.52
70,2026-07-13T13:25:01Z,1006.49,14.25,1.58,23.87
71,2026-07-13T13:25:02Z,1006.50,14.25,2.24,22.09
72,2026-07-13T13:25:03Z,1006.51,14.25,2.99,15.24
73,2026-07-13T13:25:04Z,1006.52,14.25,3.19,14.66
74,2026-07-13T13:25:05Z,1006.52,14.25,2.31,17.83
75,2026-07-13T13:25:06Z,1006.52,14.25,1.36,14.55
76,2026-07-13T13:25:07Z,1006.51,14.25,1.36,18.28
77,2026-07-13T13:25:08Z,1006.49,14.25,3.51,20.76
78,2026-07-13T13:25:09Z,1006.46,14.25,5.48,22.86
79,2026-07-13T13:25:10Z,1006.41,14.25,6.57,22.51
80,2026-07-13T13:25:11Z,1006.37,14.25,6.98,22.11
81,2026-07-13T13:25:12Z,1006.32,14.25,6.95,25.36
82,2026-07-13T13:25:13Z,1006.27,14.25,6.87,23.36
83,2026-07-13T13:25:14Z,1006.22,14.25,7.11,22.46
84,2026-07-13T13:25:15Z,1006.18,14.25,6.70,20.33
85,2026-07-13T13:25:16Z,1006.14,14.25,6.27,15.71
86,2026-07-13T13:25:17Z,1006.11,14.25,5.06,13.39
87,2026-07-13T13:25:18Z,1006.09,14.25,4.61,10.63
88,2026-07-13T13:25:19Z,1006.07,14.25,4.07,12.03
89,2026-07-13T13:25:20Z,1006.04,14.25,4.29,9.67
90,2026-07-13T13:25:21Z,1006.01,14.25,5.67,12.96
91,2026-07-13T13:25:22Z,1005.99,14.25,6.39,13.54
92,2026-07-13T13:25:23Z,1005.96,14.25,7.91,13.70
93,2026-07-13T13:25:24Z,1005.92,14.25,8.75,12.74
94,2026-07-13T13:25:25Z,1005.88,14.25,9.53,14.99
95,2026-07-13T13:25:26Z,1005.84,14.25,9.36,14.26
96,2026-07-13T13:25:27Z,1005.80,14.25,8.80,12.03
97,2026-07-13T13:25:28Z,1005.78,14.25,8.39,9.31
98,2026-07-13T13:25:29Z,1005.77,14.25,8.60,10.00
99,2026-07-13T13:25:30Z,1005.75,14.25,8.40,13.65
100,2026-07-13T13:25:31Z,1005.72,14.25,8.47,11.96
101,2026-07-13T13:25:32Z,1005.68,14.25,8.86,14.64
102,2026-07-13T13:25:33Z,1005.60,14.25,9.03,10.33
103,2026-07-13T13:25:34Z,1005.51,14.25,9.62,12.01
104,2026-07-13T13:25:35Z,1005.42,14.25,9.30,9.57
105,2026-07-13T13:25:36Z,1005.32,14.25,8.69,8.97
106,2026-07-13T13:25:37Z,1005.22,14.25,7.85,10.22
107,2026-07-13T13:25:38Z,1005.12,14.25,7.49,11.11
108,2026-07-13T13:25:39Z,1005.04,14.25,6.96,10.90
109,2026-07-13T13:25:40Z,1004.96,14.25,6.32,11.48
110,2026-07-13T13:25:41Z,1004.89,14.25,5.36,11.52
111,2026-07-13T13:25:42Z,1004.83,14.25,4.69,13.18
112,2026-07-13T13:25:43Z,1004.76,14.25,4.69,12.55
113,2026-07-13T13:25:44Z,1004.71,14.25,3.32,11.69
114,2026-07-13T13:25:45Z,1004.66,14.25,2.58,11.94
115,2026-07-13T13:25:46Z,1004.62,14.25,1.45,12.54
116,2026-07-13T13:25:47Z,1004.60,14.25,0.52,12.00
117,2026-07-13T13:25:48Z,1004.58,14.25,0.28,12.01
118,2026-07-13T13:25:49Z,1004.57,14.25,0.11,12.56
119,2026-07-13T13:25:50Z,1004.56,14.25,0.00,12.57
120,2026-07-13T13:25:51Z,1004.56,14.25,0.00,12.66
121,2026-07-13T13:25:52Z,1004.56,14.25,0.00,13.54
122,2026-07-13T13:25:53Z,1004.55,14.25,0.00,13.08
123,2026-07-13T13:25:54Z,1004.54,14.25,0.00,11.77
124,2026-07-13T13:25:55Z,1004.54,14.25,0.16,12.84
125,2026-07-13T13:25:56Z,1004.53,14.25,0.08,13.55
126,2026-07-13T13:25:57Z,1004.53,14.25,0.27,12.79
127,2026-07-13T13:25:58Z,1004.53,14.25,0.04,13.57
128,2026-07-13T13:25:59Z,1004.53,14.25,0.00,12.08
129,2026-07-13T13:26:00Z,1004.53,14.25,0.00,11.66
130,2026-07-13T13:26:01Z,1004.54,14.25,0.00,16.14
131,2026-07-13T13:26:02Z,1004.54,14.25,0.00,12.59
132,2026-07-13T13:26:03Z,1004.54,14.25,0.37,12.73
133,2026-07-13T13:26:04Z,1004.54,14.25,0.00,12.06
134,2026-07-13T13:26:05Z,1004.55,14.25,0.12,11.65
135,2026-07-13T13:26:06Z,1004.55,14.25,0.00,11.89
136,2026-07-13T13:26:07Z,1004.55,14.25,0.00,11.89
137,2026-07-13T13:26:08Z,1004.56,14.25,0.00,11.93
138,2026-07-13T13:26:09Z,1004.56,14.25,0.00,12.02
139,2026-07-13T13:26:10Z,1004.56,14.25,0.00,11.91
140,2026-07-13T13:26:11Z,1004.56,14.25,0.00,13.36
141,2026-07-13T13:26:12Z,1004.56,14.25,0.14,12.87
142,2026-07-13T13:26:13Z,1004.56,14.25,0.14,13.43
143,2026-07-13T13:26:14Z,1004.56,14.25,0.00,12.00
144,2026-07-13T13:26:15Z,1004.56,14.25,0.00,11.14
145,2026-07-13T13:26:16Z,1004.56,14.25,0.00,10.96
146,2026-07-13T13:26:17Z,1004.56,14.25,0.07,11.17
147,2026-07-13T13:26:18Z,1004.56,14.25,0.00,13.81
148,2026-07-13T13:26:19Z,1004.56,14.25,0.57,14.30
149,2026-07-13T13:26:20Z,1004.54,14.25,0.97,15.73
150,2026-07-13T13:26:21Z,1004.53,14.25,2.30,16.89
151,2026-07-13T13:26:22Z,1004.49,14.25,3.66,18.86
152,2026-07-13T13:26:23Z,1004.45,14.25,4.01,15.45
153,2026-07-13T13:26:24Z,1004.40,14.25,4.67,15.97
154,2026-07-13T13:26:25Z,1004.34,14.25,4.97,17.64
155,2026-07-13T13:26:26Z,1004.28,14.25,5.93,16.81
156,2026-07-13T13:26:27Z,1004.23,14.25,7.32,17.21
157,2026-07-13T13:26:28Z,1004.18,14.25,9.36,17.21
158,2026-07-13T13:26:29Z,1004.15,14.25,8.68,15.87
159,2026-07-13T13:26:30Z,1004.10,14.25,8.45,25.97
160,2026-07-13T13:26:31Z,1004.05,14.25,8.92,25.51
161,2026-07-13T13:26:32Z,1003.98,14.25,10.47,26.12
162,2026-07-13T13:26:33Z,1003.92,14.25,10.41,24.90
163,2026-07-13T13:26:34Z,1003.84,14.25,10.08,23.74
164,2026-07-13T13:26:35Z,1003.75,14.25,9.71,23.95
165,2026-07-13T13:26:36Z,1003.67,14.25,9.55,21.71
166,2026-07-13T13:26:37Z,1003.60,14.25,9.20,20.60
167,2026-07-13T13:26:38Z,1003.51,14.25,9.11,19.38
168,2026-07-13T13:26:39Z,1003.43,14.25,8.66,18.09
169,2026-07-13T13:26:40Z,1003.35,14.25,7.89,14.80
170,2026-07-13T13:26:41Z,1003.29,14.25,7.43,12.48
171,2026-07-13T13:26:42Z,1003.23,14.25,7.87,12.03
172,2026-07-13T13:26:43Z,1003.20,14.25,8.07,15.50
173,2026-07-13T13:26:44Z,1003.17,14.25,8.35,18.31
174,2026-07-13T13:26:45Z,1003.12,14.25,9.41,18.64
175,2026-07-13T13:26:46Z,1003.07,14.25,10.74,16.02
176,2026-07-13T13:26:47Z,1003.00,14.25,10.98,19.44
177,2026-07-13T13:26:48Z,1002.93,14.25,11.52,19.70
178,2026-07-13T13:26:49Z,1002.85,14.25,11.51,19.06
179,2026-07-13T13:26:50Z,1002.81,14.25,11.67,13.12
180,2026-07-13T13:26:51Z,1002.77,14.25,11.42,12.20
181,2026-07-13T13:26:52Z,1002.75,14.25,11.53,12.04
182,2026-07-13T13:26:53Z,1002.73,14.25,11.80,11.72
183,2026-07-13T13:26:54Z,1002.68,14.25,11.70,13.97
184,2026-07-13T13:26:55Z,1002.62,14.25,11.44,13.24
185,2026-07-13T13:26:56Z,1002.57,14.25,11.01,12.78
186,2026-07-13T13:26:57Z,1002.51,14.25,10.61,18.81
187,2026-07-13T13:26:58Z,1002.47,14.25,9.95,8.14
188,2026-07-13T13:26:59Z,1002.46,14.25,8.59,14.07
189,2026-07-13T13:27:00Z,1002.44,14.25,7.64,8.85
190,2026-07-13T13:27:01Z,1002.41,14.25,6.32,11.74
191,2026-07-13T13:27:02Z,1002.39,14.25,4.85,14.19
192,2026-07-13T13:27:03Z,1002.36,14.25,3.35,28.43
193,2026-07-13T13:27:04Z,1002.34,14.25,2.71,34.10
194,2026-07-13T13:27:05Z,1002.34,14.25,1.35,38.48
195,2026-07-13T13:27:06Z,1002.33,14.25,0.41,38.72
196,2026-07-13T13:27:07Z,1002.32,14.25,0.08,40.26
197,2026-07-13T13:27:08Z,1002.32,14.25,0.05,40.24
198,2026-07-13T13:27:09Z,1002.32,14.25,0.00,40.88
199,2026-07-13T13:27:10Z,1002.32,14.25,0.09,40.43
200,2026-07-13T13:27:11Z,1002.32,14.25,0.00,40.18
201,2026-07-13T13:27:12Z,1002.32,14.25,0.00,40.33
202,2026-07-13T13:27:13Z,1002.32,14.25,0.00,40.32
203,2026-07-13T13:27:14Z,1002.32,14.25,0.00,46.05
204,2026-07-13T13:27:15Z,1002.32,14.25,0.00,42.64
205,2026-07-13T13:27:16Z,1002.32,14.25,0.00,40.00
206,2026-07-13T13:27:17Z,1002.32,14.25,0.00,40.73
207,2026-07-13T13:27:18Z,1002.31,14.25,0.00,40.75
208,2026-07-13T13:27:19Z,1002.31,14.25,0.00,39.65
209,2026-07-13T13:27:20Z,1002.31,14.25,0.00,40.57
210,2026-07-13T13:27:21Z,1002.30,14.25,0.78,41.70
211,2026-07-13T13:27:22Z,1002.30,14.25,1.28,32.67
212,2026-07-13T13:27:23Z,1002.31,14.25,2.16,19.33
213,2026-07-13T13:27:24Z,1002.31,14.25,3.19,18.30
214,2026-07-13T13:27:25Z,1002.30,14.25,4.31,12.32
215,2026-07-13T13:27:26Z,1002.28,14.25,4.71,12.32
216,2026-07-13T13:27:27Z,1002.25,14.25,4.73,13.11
217,2026-07-13T13:27:28Z,1002.22,14.25,5.08,19.88
218,2026-07-13T13:27:29Z,1002.18,14.25,5.77,19.33
219,2026-07-13T13:27:30Z,1002.14,14.25,6.51,21.92
220,2026-07-13T13:27:31Z,1002.10,14.25,7.20,26.98
221,2026-07-13T13:27:32Z,1002.05,14.25,7.56,27.04
222,2026-07-13T13:27:33Z,1002.00,14.25,8.40,30.00
223,2026-07-13T13:27:34Z,1001.95,14.25,8.62,37.28
224,2026-07-13T13:27:35Z,1001.90,14.25,8.64,30.94
225,2026-07-13T13:27:36Z,1001.85,14.25,9.21,26.64
226,2026-07-13T13:27:37Z,1001.79,14.25,9.57,17.04
227,2026-07-13T13:27:38Z,1001.71,14.25,9.69,24.32
228,2026-07-13T13:27:39Z,1001.63,14.25,10.18,22.64
229,2026-07-13T13:27:40Z,1001.56,14.25,10.21,20.11
230,2026-07-13T13:27:41Z,1001.50,14.25,9.83,24.69
231,2026-07-13T13:27:42Z,1001.44,14.25,9.31,24.57
232,2026-07-13T13:27:43Z,1001.40,14.25,9.29,24.49
233,2026-07-13T13:27:44Z,1001.37,14.25,9.04,22.54
234,2026-07-13T13:27:45Z,1001.32,14.25,9.81,24.10
235,2026-07-13T13:27:46Z,1001.27,14.25,9.89,23.34
236,2026-07-13T13:27:47Z,1001.23,14.25,9.46,22.39
237,2026-07-13T13:27:48Z,1001.19,14.25,8.52,20.90
238,2026-07-13T13:27:49Z,1001.14,14.25,7.54,19.26
239,2026-07-13T13:27:50Z,1001.10,14.25,7.41,18.92
240,2026-07-13T13:27:51Z,1001.05,14.25,7.27,23.50
241,2026-07-13T13:27:52Z,1001.00,14.25,7.95,23.99
242,2026-07-13T13:27:53Z,1000.95,14.25,7.91,22.79
243,2026-07-13T13:27:54Z,1000.89,14.25,7.45,22.36
244,2026-07-13T13:27:55Z,1000.84,14.25,6.83,20.64
245,2026-07-13T13:27:56Z,1000.79,14.25,7.63,21.37
246,2026-07-13T13:27:57Z,1000.73,14.25,7.53,21.78
247,2026-07-13T13:27:58Z,1000.68,14.25,7.18,23.90
248,2026-07-13T13:27:59Z,1000.63,14.25,7.21,22.40
249,2026-07-13T13:28:00Z,1000.57,14.25,7.36,22.44
250,2026-07-13T13:28:01Z,1000.51,14.25,7.42,21.96
251,2026-07-13T13:28:02Z,1000.44,14.25,7.67,21.94
252,2026-07-13T13:28:03Z,1000.37,14.25,8.05,22.37
253,2026-07-13T13:28:04Z,1000.31,14.25,7.67,22.62
254,2026-07-13T13:28:05Z,1000.26,14.25,7.69,21.09
255,2026-07-13T13:28:06Z,1000.22,14.25,7.72,20.52
256,2026-07-13T13:28:07Z,1000.18,14.25,7.25,21.17
257,2026-07-13T13:28:08Z,1000.16,14.25,6.77,23.50
258,2026-07-13T13:28:09Z,1000.14,14.25,6.12,24.23
259,2026-07-13T13:28:10Z,1000.13,14.25,6.16,21.86
260,2026-07-13T13:28:11Z,1000.11,14.25,5.78,20.81
261,2026-07-13T13:28:12Z,1000.09,14.25,6.09,22.39
262,2026-07-13T13:28:13Z,1000.07,14.25,6.06,29.52
263,2026-07-13T13:28:14Z,1000.04,14.25,5.29,25.32
264,2026-07-13T13:28:15Z,1000.03,14.25,4.76,23.36
265,2026-07-13T13:28:16Z,1000.01,14.25,4.41,28.51
266,2026-07-13T13:28:17Z,999.99,14.25,3.97,28.66
267,2026-07-13T13:28:18Z,999.97,14.25,3.08,31.67
268,2026-07-13T13:28:19Z,999.95,14.25,2.36,28.88
269,2026-07-13T13:28:20Z,999.93,14.25,1.55,25.49
270,2026-07-13T13:28:21Z,999.92,14.25,0.86,27.30
271,2026-07-13T13:28:22Z,999.91,14.25,0.29,26.56
272,2026-07-13T13:28:23Z,999.90,14.25,0.16,26.73
273,2026-07-13T13:28:24Z,999.90,14.25,0.00,25.71
274,2026-07-13T13:28:25Z,999.90,14.25,0.00,26.61
275,2026-07-13T13:28:26Z,999.90,14.25,0.00,26.84
276,2026-07-13T13:28:27Z,999.89,14.25,0.00,25.93
277,2026-07-13T13:28:28Z,999.89,14.25,0.00,25.69
278,2026-07-13T13:28:29Z,999.89,14.25,0.00,25.01
279,2026-07-13T13:28:30Z,999.89,14.25,0.00,24.20
280,2026-07-13T13:28:31Z,999.89,14.25,0.00,21.93
281,2026-07-13T13:28:32Z,999.89,14.25,1.79,18.28
282,2026-07-13T13:28:33Z,999.89,14.25,3.29,13.35
283,2026-07-13T13:28:34Z,999.87,14.25,3.64,13.33
284,2026-07-13T13:28:35Z,999.85,14.25,3.64,25.48
285,2026-07-13T13:28:36Z,999.82,14.25,4.26,21.48
286,2026-07-13T13:28:37Z,999.79,14.25,4.19,27.29
287,2026-07-13T13:28:38Z,999.75,14.25,5.01,33.59
288,2026-07-13T13:28:39Z,999.72,14.25,4.88,39.98
289,2026-07-13T13:28:40Z,999.69,14.25,4.06,31.84
290,2026-07-13T13:28:41Z,999.66,14.25,3.22,23.22
291,2026-07-13T13:28:42Z,999.64,14.25,2.63,28.12
292,2026-07-13T13:28:43Z,999.62,14.25,2.83,27.29
293,2026-07-13T13:28:44Z,999.60,14.25,5.11,27.46
294,2026-07-13T13:28:45Z,999.57,14.25,6.79,27.19
295,2026-07-13T13:28:46Z,999.53,14.25,7.86,27.07
296,2026-07-13T13:28:47Z,999.49,14.25,9.35,29.44
297,2026-07-13T13:28:48Z,999.44,14.25,9.66,26.84
298,2026-07-13T13:28:49Z,999.39,14.25,9.43,27.23
299,2026-07-13T13:28:50Z,999.35,14.25,9.40,26.53
300,2026-07-13T13:28:51Z,999.30,14.25,9.45,28.16
301,2026-07-13T13:28:52Z,999.27,14.25,9.14,29.47
302,2026-07-13T13:28:53Z,999.24,14.25,8.87,27.54
303,2026-07-13T13:28:54Z,999.21,14.25,8.40,27.69
304,2026-07-13T13:28:55Z,999.19,14.25,8.05,28.13
305,2026-07-13T13:28:56Z,999.18,14.25,7.66,28.37
306,2026-07-13T13:28:57Z,999.18,14.25,6.50,27.85
307,2026-07-13T13:28:58Z,999.18,14.25,5.16,27.29
308,2026-07-13T13:28:59Z,999.19,14.25,3.30,27.41
309,2026-07-13T13:29:00Z,999.20,14.25,0.99,27.11
310,2026-07-13T13:29:01Z,999.22,14.25,0.37,26.93
311,2026-07-13T13:29:02Z,999.23,14.25,0.00,27.35
312,2026-07-13T13:29:03Z,999.25,14.25,0.00,27.49
313,2026-07-13T13:29:04Z,999.26,14.25,0.00,27.61
314,2026-07-13T13:29:05Z,999.26,14.25,0.00,27.09
315,2026-07-13T13:29:06Z,999.26,14.25,1.79,26.25
316,2026-07-13T13:29:07Z,999.26,14.25,1.79,28.15
317,2026-07-13T13:29:08Z,999.26,14.25,2.94,29.82
318,2026-07-13T13:29:09Z,999.24,14.25,3.69,30.41
319,2026-07-13T13:29:10Z,999.23,14.25,3.84,30.51
320,2026-07-13T13:29:11Z,999.22,14.25,4.29,28.59
321,2026-07-13T13:29:12Z,999.20,14.25,5.07,27.81
322,2026-07-13T13:29:13Z,999.19,14.25,5.84,36.51
323,2026-07-13T13:29:14Z,999.18,14.25,6.17,37.56
324,2026-07-13T13:29:15Z,999.15,14.25,6.09,36.30
325,2026-07-13T13:29:16Z,999.12,14.25,6.54,36.56
326,2026-07-13T13:29:17Z,999.11,14.25,7.25,34.29
327,2026-07-13T13:29:18Z,999.09,14.25,7.40,35.32
328,2026-07-13T13:29:19Z,999.07,14.25,7.30,35.84
329,2026-07-13T13:29:20Z,999.06,14.25,8.30,35.88
330,2026-07-13T13:29:21Z,999.05,14.25,8.56,37.35
331,2026-07-13T13:29:22Z,999.05,14.25,8.73,37.45
332,2026-07-13T13:29:23Z,999.05,14.25,9.02,33.86
333,2026-07-13T13:29:24Z,999.05,14.25,9.46,36.25
334,2026-07-13T13:29:25Z,999.07,14.25,9.81,35.99
335,2026-07-13T13:29:26Z,999.09,14.25,10.11,37.64
336,2026-07-13T13:29:27Z,999.10,14.25,10.16,38.08
337,2026-07-13T13:29:28Z,999.11,14.25,10.18,36.73
338,2026-07-13T13:29:29Z,999.12,14.25,10.18,36.34
339,2026-07-13T13:29:30Z,999.14,14.25,10.53,37.22
340,2026-07-13T13:29:31Z,999.17,14.25,10.26,37.67
341,2026-07-13T13:29:32Z,999.19,14.25,9.75,39.29
342,2026-07-13T13:29:33Z,999.21,14.25,9.89,38.93
343,2026-07-13T13:29:34Z,999.24,14.25,9.44,37.19
344,2026-07-13T13:29:35Z,999.26,14.25,9.68,37.03
345,2026-07-13T13:29:36Z,999.28,14.25,10.00,37.04
346,2026-07-13T13:29:37Z,999.31,14.25,9.75,37.78
347,2026-07-13T13:29:38Z,999.33,14.25,9.45,37.03
348,2026-07-13T13:29:39Z,999.34,14.25,9.56,38.84
349,2026-07-13T13:29:40Z,999.37,14.25,9.76,39.15
350,2026-07-13T13:29:41Z,999.38,14.25,9.93,37.35
351,2026-07-13T13:29:42Z,999.40,14.25,9.93,37.20
352,2026-07-13T13:29:43Z,999.43,14.25,10.28,37.65
353,2026-07-13T13:29:44Z,999.47,14.25,10.58,39.43
354,2026-07-13T13:29:45Z,999.51,14.25,10.65,37.79
355,2026-07-13T13:29:46Z,999.55,14.25,10.41,35.36
356,2026-07-13T13:29:47Z,999.60,14.25,9.99,38.65
357,2026-07-13T13:29:48Z,999.65,14.25,9.59,38.65
358,2026-07-13T13:29:49Z,999.68,14.25,9.77,41.71
359,2026-07-13T13:29:50Z,999.70,15.13,9.53,38.81
360,2026-07-13T13:29:51Z,999.72,12.70,7.62,38.02
361,2026-07-13T13:29:52Z,999.75,11.06,5.07,37.14
362,2026-07-13T13:29:53Z,999.78,10.30,2.80,38.74
363,2026-07-13T13:29:54Z,999.81,9.84,0.96,40.18
364,2026-07-13T13:29:55Z,999.85,9.70,0.27,39.51
365,2026-07-13T13:29:56Z,999.88,9.98,0.06,38.12
366,2026-07-13T13:29:57Z,999.90,9.73,0.00,37.67
367,2026-07-13T13:29:58Z,999.91,9.89,0.00,37.21
368,2026-07-13T13:29:59Z,999.91,9.93,0.00,35.24
369,2026-07-13T13:30:00Z,999.92,9.94,0.00,35.74
370,2026-07-13T13:30:01Z,999.92,10.33,0.00,36.14
371,2026-07-13T13:30:02Z,999.93,10.43,0.00,36.45
372,2026-07-13T13:30:03Z,999.93,10.25,0.07,38.91
373,2026-07-13T13:30:04Z,999.93,10.10,0.07,38.91
374,2026-07-13T13:30:05Z,999.94,9.97,0.00,39.51
375,2026-07-13T13:30:06Z,999.94,9.97,0.00,37.61
376,2026-07-13T13:30:07Z,999.93,9.91,0.00,36.50
377,2026-07-13T13:30:08Z,999.93,9.84,0.00,37.26
378,2026-07-13T13:30:09Z,999.92,9.74,0.00,36.96
379,2026-07-13T13:30:10Z,999.91,9.69,0.00,37.65
380,2026-07-13T13:30:11Z,999.90,9.61,0.00,37.31
381,2026-07-13T13:30:12Z,999.90,9.57,0.00,37.14
382,2026-07-13T13:30:13Z,999.90,9.49,0.00,37.57
383,2026-07-13T13:30:14Z,999.90,9.46,0.00,37.16
384,2026-07-13T13:30:15Z,999.90,9.39,0.00,37.70
385,2026-07-13T13:30:16Z,999.90,9.58,0.05,39.00
386,2026-07-13T13:30:17Z,999.90,9.50,0.08,38.79
387,2026-07-13T13:30:18Z,999.90,9.42,0.22,39.79
388,2026-07-13T13:30:19Z,999.90,9.35,0.66,37.79
389,2026-07-13T13:30:20Z,999.90,9.33,1.84,37.01
390,2026-07-13T13:30:21Z,999.89,9.26,2.90,36.83
391,2026-07-13T13:30:22Z,999.88,9.20,3.86,35.82
392,2026-07-13T13:30:23Z,999.87,9.14,5.26,36.30
393,2026-07-13T13:30:24Z,999.86,9.18,5.67,35.73
394,2026-07-13T13:30:25Z,999.84,9.21,5.51,34.75
395,2026-07-13T13:30:26Z,999.82,9.15,6.39,36.48
396,2026-07-13T13:30:27Z,999.79,9.05,7.26,38.06
397,2026-07-13T13:30:28Z,999.76,8.83,8.27,37.26
398,2026-07-13T13:30:29Z,999.74,8.53,9.56,37.20
399,2026-07-13T13:30:30Z,999.74,9.14,10.21,38.81
400,2026-07-13T13:30:31Z,999.74,8.63,10.64,39.01
401,2026-07-13T13:30:32Z,999.79,8.34,11.07,41.76
402,2026-07-13T13:30:33Z,999.83,8.18,11.56,40.80
403,2026-07-13T13:30:34Z,999.88,8.10,11.53,40.76
404,2026-07-13T13:30:35Z,999.92,8.05,11.10,40.24
405,2026-07-13T13:30:36Z,999.96,8.32,10.88,39.04
406,2026-07-13T13:30:37Z,999.99,10.51,10.43,39.44
407,2026-07-13T13:30:38Z,1000.01,13.43,10.05,40.89
408,2026-07-13T13:30:39Z,1000.04,14.34,9.33,39.87
409,2026-07-13T13:30:40Z,1000.06,11.71,8.51,39.11
410,2026-07-13T13:30:41Z,1000.09,10.25,7.48,39.34
411,2026-07-13T13:30:42Z,1000.14,9.58,6.14,39.60
412,2026-07-13T13:30:43Z,1000.18,9.19,4.01,37.96
413,2026-07-13T13:30:44Z,1000.23,9.06,1.78,38.12
414,2026-07-13T13:30:45Z,1000.27,9.00,0.47,37.38
415,2026-07-13T13:30:46Z,1000.30,9.02,0.28,37.29
416,2026-07-13T13:30:47Z,1000.32,9.13,0.33,37.56
417,2026-07-13T13:30:48Z,1000.34,9.20,0.33,37.64
418,2026-07-13T13:30:49Z,1000.34,9.31,0.20,38.01
419,2026-07-13T13:30:50Z,1000.35,9.31,0.20,37.66
420,2026-07-13T13:30:51Z,1000.35,9.89,0.11,36.91
421,2026-07-13T13:30:52Z,1000.35,10.01,0.00,37.04
422,2026-07-13T13:30:53Z,1000.36,10.20,0.13,37.00
423,2026-07-13T13:30:54Z,1000.36,10.63,0.80,36.32
424,2026-07-13T13:30:55Z,1000.36,10.70,1.66,32.58
425,2026-07-13T13:30:56Z,1000.36,10.54,1.83,33.20
426,2026-07-13T13:30:57Z,1000.37,10.40,0.00,17.97
427,2026-07-13T13:30:58Z,1000.37,10.48,0.00,17.96
428,2026-07-13T13:30:59Z,1000.37,10.40,3.25,18.35
429,2026-07-13T13:31:00Z,1000.37,10.28,3.16,14.87
430,2026-07-13T13:31:01Z,1000.37,10.20,3.67,14.20
431,2026-07-13T13:31:02Z,1000.37,10.09,4.11,10.08
432,2026-07-13T13:31:03Z,1000.37,10.28,4.48,7.71
433,2026-07-13T13:31:04Z,1000.37,10.43,5.26,9.16
434,2026-07-13T13:31:05Z,1000.37,10.08,5.88,8.36
435,2026-07-13T13:31:06Z,1000.36,9.94,6.36,9.03
436,2026-07-13T13:31:07Z,1000.35,9.97,6.66,9.57
437,2026-07-13T13:31:08Z,1000.33,9.88,6.88,11.17
438,2026-07-13T13:31:09Z,1000.31,9.41,7.20,10.55
439,2026-07-13T13:31:10Z,1000.29,9.02,7.69,15.13
440,2026-07-13T13:31:11Z,1000.26,8.72,8.02,14.79
441,2026-07-13T13:31:12Z,1000.22,8.85,7.48,14.81
442,2026-07-13T13:31:13Z,1000.20,8.60,6.99,15.66
443,2026-07-13T13:31:14Z,1000.17,8.43,6.65,15.91
444,2026-07-13T13:31:15Z,1000.16,8.54,7.02,15.21
445,2026-07-13T13:31:16Z,1000.14,8.41,7.19,13.75
446,2026-07-13T13:31:17Z,1000.14,8.31,7.42,11.06
447,2026-07-13T13:31:18Z,1000.12,8.22,7.70,14.11
448,2026-07-13T13:31:19Z,1000.10,8.16,7.93,13.24
449,2026-07-13T13:31:20Z,1000.07,8.11,7.93,13.51
450,2026-07-13T13:31:21Z,1000.04,8.08,7.57,11.73
451,2026-07-13T13:31:22Z,1000.01,8.05,7.31,11.95
452,2026-07-13T13:31:23Z,999.98,8.48,7.52,15.88
453,2026-07-13T13:31:24Z,999.95,8.33,7.76,14.34
454,2026-07-13T13:31:25Z,999.91,8.22,7.94,11.06
455,2026-07-13T13:31:26Z,999.88,8.93,8.16,10.87
456,2026-07-13T13:31:27Z,999.85,8.63,8.15,11.12
457,2026-07-13T13:31:28Z,999.82,8.42,7.74,13.19
458,2026-07-13T13:31:29Z,999.81,8.29,7.21,11.34
459,2026-07-13T13:31:30Z,999.80,8.20,6.61,10.07
460,2026-07-13T13:31:31Z,999.79,8.61,5.91,12.95
461,2026-07-13T13:31:32Z,999.79,9.07,5.65,10.51
462,2026-07-13T13:31:33Z,999.78,8.89,4.67,10.86
463,2026-07-13T13:31:34Z,999.76,8.90,2.84,12.38
464,2026-07-13T13:31:35Z,999.75,8.79,2.41,12.46
465,2026-07-13T13:31:36Z,999.74,8.70,2.36,11.77
466,2026-07-13T13:31:37Z,999.73,8.63,2.37,14.85
467,2026-07-13T13:31:38Z,999.73,8.57,1.65,13.50
468,2026-07-13T13:31:39Z,999.73,8.53,0.58,14.42
469,2026-07-13T13:31:40Z,999.74,8.48,0.08,13.79
470,2026-07-13T13:31:41Z,999.74,8.45,0.09,15.31
471,2026-07-13T13:31:42Z,999.75,8.42,0.11,15.15
472,2026-07-13T13:31:43Z,999.76,8.39,0.11,15.61
473,2026-07-13T13:31:44Z,999.77,8.37,0.00,15.00
474,2026-07-13T13:31:45Z,999.78,8.35,0.00,13.52
475,2026-07-13T13:31:46Z,999.78,8.33,0.11,13.99
476,2026-07-13T13:31:47Z,999.78,8.33,0.11,13.72
477,2026-07-13T13:31:48Z,999.77,8.33,0.11,14.98
478,2026-07-13T13:31:49Z,999.77,8.33,0.11,18.71
479,2026-07-13T13:31:50Z,999.76,8.33,0.11,16.09
480,2026-07-13T13:31:51Z,999.75,8.33,0.11,15.89
481,2026-07-13T13:31:52Z,999.75,8.40,0.23,15.75
482,2026-07-13T13:31:53Z,999.74,8.38,1.07,16.99
483,2026-07-13T13:31:54Z,999.73,8.36,2.46,16.31
484,2026-07-13T13:31:55Z,999.72,8.34,3.48,15.40
485,2026-07-13T13:31:56Z,999.70,8.34,3.63,15.16
486,2026-07-13T13:31:57Z,999.69,8.32,3.80,15.52
487,2026-07-13T13:31:58Z,999.67,8.30,4.69,15.64
488,2026-07-13T13:31:59Z,999.66,8.29,5.17,16.47
489,2026-07-13T13:32:00Z,999.66,8.36,4.86,17.90
490,2026-07-13T13:32:01Z,999.65,8.34,4.45,16.15
491,2026-07-13T13:32:02Z,999.65,8.40,4.48,16.67
492,2026-07-13T13:32:03Z,999.64,8.47,5.01,17.74
493,2026-07-13T13:32:04Z,999.63,8.52,5.29,19.94
494,2026-07-13T13:32:05Z,999.62,8.50,5.72,16.04
495,2026-07-13T13:32:06Z,999.60,8.59,6.03,16.84
496,2026-07-13T13:32:07Z,999.57,8.57,6.25,16.55
497,2026-07-13T13:32:08Z,999.55,8.52,6.44,17.29
498,2026-07-13T13:32:09Z,999.53,8.48,6.71,15.51
499,2026-07-13T13:32:10Z,999.51,8.52,7.12,13.38
500,2026-07-13T13:32:11Z,999.49,8.69,7.39,11.28
501,2026-07-13T13:32:12Z,999.46,8.54,7.35,11.95
502,2026-07-13T13:32:13Z,999.42,7.07,7.45,16.83
503,2026-07-13T13:32:14Z,999.38,6.47,7.59,17.96
504,2026-07-13T13:32:15Z,999.35,5.61,7.76,17.18
505,2026-07-13T13:32:16Z,999.32,5.88,8.16,17.66
506,2026-07-13T13:32:17Z,999.30,5.22,8.74,14.90
507,2026-07-13T13:32:18Z,999.28,4.14,8.84,8.64
508,2026-07-13T13:32:19Z,999.27,4.61,8.52,11.25
509,2026-07-13T13:32:20Z,999.27,4.42,8.52,14.09
511,2026-07-13T13:32:23Z,999.27,4.42,8.52,14.09
512,2026-07-13T13:32:23Z,999.27,4.42,8.52,14.09
513,2026-07-13T13:32:24Z,999.27,15.60,8.05,14.09
514,2026-07-13T13:32:25Z,999.08,15.60,8.05,16.37
515,2026-07-13T13:32:26Z,999.07,15.60,8.05,14.90
516,2026-07-13T13:32:27Z,999.06,27.84,4.44,15.45
517,2026-07-13T13:32:28Z,999.04,14.69,4.44,15.09
518,2026-07-13T13:32:29Z,999.02,16.78,4.07,14.88
519,2026-07-13T13:32:30Z,999.02,14.00,3.19,15.34
520,2026-07-13T13:32:31Z,999.02,18.24,2.67,15.21
521,2026-07-13T13:32:32Z,999.00,17.44,1.51,15.31
522,2026-07-13T13:32:33Z,998.99,14.51,2.19,15.73
523,2026-07-13T13:32:34Z,998.99,14.00,1.88,16.52
524,2026-07-13T13:32:35Z,998.97,14.00,1.94,16.67
525,2026-07-13T13:32:36Z,998.96,14.00,1.88,16.40
526,2026-07-13T13:32:37Z,998.95,14.00,2.06,15.96
527,2026-07-13T13:32:38Z,998.93,14.00,2.06,14.81
528,2026-07-13T13:32:39Z,998.93,14.00,2.06,14.79
529,2026-07-13T13:32:40Z,998.93,9.34,2.06,15.59
530,2026-07-13T13:32:41Z,998.92,9.49,2.12,16.30
531,2026-07-13T13:32:42Z,998.92,9.47,2.04,15.72
532,2026-07-13T13:32:43Z,998.91,9.43,1.32,15.41
533,2026-07-13T13:32:44Z,998.89,9.28,1.32,15.21
534,2026-07-13T13:32:45Z,998.88,9.12,0.75,14.54
535,2026-07-13T13:32:46Z,998.87,8.99,0.42,14.39
536,2026-07-13T13:32:47Z,998.87,13.83,0.29,14.76
537,2026-07-13T13:32:48Z,998.86,11.36,0.29,14.67
538,2026-07-13T13:32:49Z,998.86,10.41,0.29,14.61
539,2026-07-13T13:32:50Z,998.85,8.82,0.53,15.41
540,2026-07-13T13:32:51Z,998.84,11.16,1.30,16.38
541,2026-07-13T13:32:52Z,998.84,22.60,1.46,31.29
542,2026-07-13T13:32:53Z,998.82,15.75,1.46,32.82
543,2026-07-13T13:32:54Z,998.81,10.42,1.46,31.20
544,2026-07-13T13:32:55Z,998.80,11.25,0.40,31.52
545,2026-07-13T13:32:56Z,998.80,12.27,0.08,31.25
546,2026-07-13T13:32:57Z,998.80,9.14,0.00,31.31
547,2026-07-13T13:32:58Z,998.80,11.50,0.00,31.52
548,2026-07-13T13:32:59Z,998.81,11.50,0.00,31.08
549,2026-07-13T13:33:00Z,998.81,11.50,0.00,31.93
550,2026-07-13T13:33:01Z,998.81,26.63,0.00,31.80
551,2026-07-13T13:33:02Z,998.81,25.43,0.00,31.44
552,2026-07-13T13:33:03Z,998.81,24.66,0.00,31.55
553,2026-07-13T13:33:04Z,998.81,24.63,0.00,31.93
554,2026-07-13T13:33:05Z,998.81,24.19,0.00,31.61
555,2026-07-13T13:33:06Z,998.81,24.79,0.00,31.44
556,2026-07-13T13:33:07Z,998.81,24.54,0.00,31.59
557,2026-07-13T13:33:08Z,998.81,25.14,0.00,31.76
558,2026-07-13T13:33:09Z,998.81,24.25,0.00,31.48
559,2026-07-13T13:33:10Z,998.81,23.59,0.00,31.41
560,2026-07-13T13:33:11Z,998.81,22.84,0.00,31.81
561,2026-07-13T13:33:12Z,998.81,22.63,0.00,31.99
562,2026-07-13T13:33:13Z,998.81,22.63,0.00,31.48
563,2026-07-13T13:33:14Z,998.81,22.63,0.00,32.04
564,2026-07-13T13:33:15Z,998.82,22.20,0.00,31.45
565,2026-07-13T13:33:16Z,998.82,22.30,0.00,31.47
566,2026-07-13T13:33:17Z,998.82,22.68,0.00,30.69
567,2026-07-13T13:33:18Z,998.83,22.58,0.00,32.15
568,2026-07-13T13:33:19Z,998.83,22.31,0.00,31.08
569,2026-07-13T13:33:20Z,998.83,22.16,0.00,32.33
570,2026-07-13T13:33:21Z,998.83,21.99,0.00,31.54
571,2026-07-13T13:33:22Z,998.83,21.90,0.00,32.02
572,2026-07-13T13:33:23Z,998.83,21.87,0.00,31.95
573,2026-07-13T13:33:24Z,998.83,22.01,0.00,30.88
574,2026-07-13T13:33:25Z,998.83,22.21,0.00,30.47
575,2026-07-13T13:33:26Z,998.83,22.00,0.00,30.70
576,2026-07-13T13:33:27Z,998.83,22.15,0.00,30.79
577,2026-07-13T13:33:28Z,998.83,22.46,0.00,31.12
578,2026-07-13T13:33:29Z,998.83,22.77,0.00,32.48
579,2026-07-13T13:33:30Z,998.83,22.75,0.00,30.36
580,2026-07-13T13:33:31Z,998.82,23.04,0.00,31.14
581,2026-07-13T13:33:32Z,998.81,23.26,0.00,31.75
582,2026-07-13T13:33:33Z,998.81,23.20,0.00,36.91
583,2026-07-13T13:33:34Z,998.81,23.19,0.00,31.26
584,2026-07-13T13:33:35Z,998.81,23.22,0.00,32.04
585,2026-07-13T13:33:36Z,998.82,23.00,0.00,30.96
586,2026-07-13T13:33:37Z,998.83,22.80,0.00,30.93
587,2026-07-13T13:33:38Z,998.83,23.27,0.00,30.99
588,2026-07-13T13:33:39Z,998.85,23.60,0.00,30.80
589,2026-07-13T13:33:40Z,998.86,24.34,1.74,30.52
590,2026-07-13T13:33:41Z,998.87,23.67,2.41,30.13
591,2026-07-13T13:33:42Z,998.87,22.44,2.52,28.93
592,2026-07-13T13:33:43Z,998.87,21.56,2.63,27.69
593,2026-07-13T13:33:44Z,998.87,22.11,3.10,28.17
594,2026-07-13T13:33:45Z,998.86,22.17,3.68,33.13
595,2026-07-13T13:33:46Z,998.86,22.43,4.58,38.07
596,2026-07-13T13:33:47Z,998.87,22.68,5.30,36.75
597,2026-07-13T13:33:48Z,998.88,23.42,5.64,37.47
598,2026-07-13T13:33:49Z,998.89,22.74,5.78,34.34
599,2026-07-13T13:33:50Z,998.91,21.87,5.89,32.99
600,2026-07-13T13:33:51Z,998.94,21.07,5.84,32.36
601,2026-07-13T13:33:52Z,998.97,20.45,5.26,34.00
602,2026-07-13T13:33:53Z,999.01,19.05,4.66,34.00
603,2026-07-13T13:33:54Z,999.06,17.48,4.12,31.48
604,2026-07-13T13:33:55Z,999.11,16.39,3.36,31.48
605,2026-07-13T13:33:56Z,999.15,16.40,2.61,33.09
606,2026-07-13T13:33:57Z,999.19,15.32,1.90,32.47
607,2026-07-13T13:33:58Z,999.21,15.15,1.14,32.82
608,2026-07-13T13:33:59Z,999.23,15.26,0.25,32.86
609,2026-07-13T13:34:00Z,999.25,14.96,0.00,34.04
610,2026-07-13T13:34:01Z,999.25,15.89,0.00,33.45
611,2026-07-13T13:34:02Z,999.26,16.06,0.00,31.34
612,2026-07-13T13:34:03Z,999.26,16.32,0.00,33.57
613,2026-07-13T13:34:04Z,999.26,16.40,0.00,32.69
614,2026-07-13T13:34:05Z,999.26,16.47,0.00,33.28
615,2026-07-13T13:34:06Z,999.26,16.99,0.00,31.29
616,2026-07-13T13:34:07Z,999.26,17.28,0.00,33.17
617,2026-07-13T13:34:08Z,999.26,17.22,0.00,33.47
618,2026-07-13T13:34:09Z,999.26,16.99,0.00,33.71
619,2026-07-13T13:34:10Z,999.26,16.92,0.00,34.80
620,2026-07-13T13:34:11Z,999.26,16.92,0.00,33.29
621,2026-07-13T13:34:12Z,999.27,16.56,0.00,33.07
622,2026-07-13T13:34:13Z,999.28,16.50,0.00,34.40
623,2026-07-13T13:34:14Z,999.28,16.40,0.00,32.65
624,2026-07-13T13:34:15Z,999.28,16.26,0.00,33.55
625,2026-07-13T13:34:16Z,999.29,16.25,0.00,32.94
626,2026-07-13T13:34:17Z,999.29,16.36,0.00,34.15
627,2026-07-13T13:34:18Z,999.29,16.57,0.00,32.95
628,2026-07-13T13:34:19Z,999.29,16.59,0.00,32.95
629,2026-07-13T13:34:20Z,999.29,16.74,0.00,32.77
630,2026-07-13T13:34:21Z,999.28,16.69,0.00,33.56
631,2026-07-13T13:34:22Z,999.28,16.72,0.00,32.87
632,2026-07-13T13:34:23Z,999.27,16.52,0.00,34.30
633,2026-07-13T13:34:24Z,999.27,16.33,0.00,32.65
634,2026-07-13T13:34:25Z,999.26,16.29,0.00,32.48
635,2026-07-13T13:34:26Z,999.26,16.27,0.00,32.78
636,2026-07-13T13:34:27Z,999.26,16.34,0.00,33.53
637,2026-07-13T13:34:28Z,999.25,16.06,0.12,32.72
638,2026-07-13T13:34:29Z,999.25,15.82,0.00,33.40
639,2026-07-13T13:34:30Z,999.25,15.64,0.00,32.51
640,2026-07-13T13:34:31Z,999.25,15.72,0.00,33.26
641,2026-07-13T13:34:32Z,999.26,15.80,2.61,33.59
642,2026-07-13T13:34:33Z,999.26,15.76,3.54,31.72
643,2026-07-13T13:34:34Z,999.28,15.83,4.71,30.65
644,2026-07-13T13:34:35Z,999.29,15.64,5.30,30.45
645,2026-07-13T13:34:36Z,999.30,15.42,5.62,29.40
646,2026-07-13T13:34:37Z,999.33,15.77,5.62,28.63
647,2026-07-13T13:34:38Z,999.34,15.99,5.48,24.29
648,2026-07-13T13:34:39Z,999.34,15.97,5.25,21.26
649,2026-07-13T13:34:40Z,999.34,16.02,5.29,21.68
650,2026-07-13T13:34:41Z,999.33,15.78,5.84,22.91
651,2026-07-13T13:34:42Z,999.30,15.81,6.62,22.00
652,2026-07-13T13:34:43Z,999.27,15.00,7.88,19.80
653,2026-07-13T13:34:44Z,999.24,12.96,9.69,19.78
654,2026-07-13T13:34:45Z,999.22,13.07,10.59,20.03
655,2026-07-13T13:34:46Z,999.21,11.05,10.96,21.93
656,2026-07-13T13:34:47Z,999.19,14.12,11.11,20.80
657,2026-07-13T13:34:48Z,999.16,14.05,10.91,21.01
658,2026-07-13T13:34:49Z,999.16,11.84,10.69,20.73
659,2026-07-13T13:34:50Z,999.16,13.50,10.29,20.20
660,2026-07-13T13:34:51Z,999.17,12.20,10.59,19.39
661,2026-07-13T13:34:52Z,999.18,11.70,10.96,21.58
662,2026-07-13T13:34:53Z,999.19,16.78,10.66,24.68
663,2026-07-13T13:34:54Z,999.20,14.94,9.38,25.34
664,2026-07-13T13:34:55Z,999.22,13.70,7.38,22.60
665,2026-07-13T13:34:56Z,999.24,13.69,5.51,20.93
666,2026-07-13T13:34:57Z,999.27,13.21,3.23,22.21
667,2026-07-13T13:34:58Z,999.30,12.25,1.41,17.93
668,2026-07-13T13:34:59Z,999.33,11.54,0.76,22.78
669,2026-07-13T13:35:00Z,999.34,11.11,0.67,22.39
670,2026-07-13T13:35:01Z,999.35,11.11,0.46,22.71
671,2026-07-13T13:35:02Z,999.35,11.46,0.09,22.44
672,2026-07-13T13:35:03Z,999.35,11.24,0.00,22.47
673,2026-07-13T13:35:04Z,999.35,11.11,0.24,22.47
674,2026-07-13T13:35:05Z,999.35,11.11,0.24,21.80
675,2026-07-13T13:35:06Z,999.35,11.11,0.24,21.58
676,2026-07-13T13:35:07Z,999.35,11.03,0.00,21.23
677,2026-07-13T13:35:08Z,999.36,11.22,0.00,21.35
678,2026-07-13T13:35:09Z,999.36,11.02,0.00,21.12
679,2026-07-13T13:35:10Z,999.37,10.83,0.00,21.42
680,2026-07-13T13:35:11Z,999.37,10.83,0.00,22.16
681,2026-07-13T13:35:12Z,999.37,11.86,0.00,22.90
682,2026-07-13T13:35:13Z,999.37,11.73,0.00,21.53
683,2026-07-13T13:35:14Z,999.36,12.30,0.12,21.32
684,2026-07-13T13:35:15Z,999.36,12.23,0.00,20.47
685,2026-07-13T13:35:16Z,999.36,12.49,1.50,20.44
686,2026-07-13T13:35:17Z,999.35,12.75,3.65,20.02
687,2026-07-13T13:35:18Z,999.34,12.66,4.49,20.98
688,2026-07-13T13:35:19Z,999.33,12.77,5.07,20.37
689,2026-07-13T13:35:20Z,999.32,12.85,6.00,22.08
690,2026-07-13T13:35:21Z,999.30,12.53,6.84,21.85
691,2026-07-13T13:35:22Z,999.29,12.10,7.80,21.41
692,2026-07-13T13:35:23Z,999.29,12.79,7.76,22.29
693,2026-07-13T13:35:24Z,999.30,13.03,8.15,21.24
694,2026-07-13T13:35:25Z,999.32,13.99,7.94,20.93
695,2026-07-13T13:35:26Z,999.35,12.49,7.79,21.63
696,2026-07-13T13:35:27Z,999.38,11.99,8.02,23.16
697,2026-07-13T13:35:28Z,999.40,13.15,8.32,25.09
698,2026-07-13T13:35:29Z,999.43,12.71,8.38,26.93
699,2026-07-13T13:35:30Z,999.45,10.70,8.56,23.44
700,2026-07-13T13:35:31Z,999.46,10.87,9.04,22.29
701,2026-07-13T13:35:32Z,999.47,10.63,9.22,22.58
702,2026-07-13T13:35:33Z,999.47,9.97,9.10,22.70
703,2026-07-13T13:35:34Z,999.47,9.48,9.09,22.68
704,2026-07-13T13:35:35Z,999.47,8.90,8.38,21.22
705,2026-07-13T13:35:36Z,999.49,9.33,7.53,24.07
706,2026-07-13T13:35:37Z,999.52,9.25,6.50,22.47
707,2026-07-13T13:35:38Z,999.55,9.18,5.44,23.68
708,2026-07-13T13:35:39Z,999.60,9.07,4.62,23.93
709,2026-07-13T13:35:40Z,999.64,9.21,3.81,24.66
710,2026-07-13T13:35:41Z,999.67,9.21,3.81,23.98
711,2026-07-13T13:35:42Z,999.70,9.27,0.65,24.57
712,2026-07-13T13:35:43Z,999.73,9.49,0.19,25.24
713,2026-07-13T13:35:44Z,999.75,9.66,0.00,25.25
714,2026-07-13T13:35:45Z,999.76,9.82,0.35,25.07
715,2026-07-13T13:35:46Z,999.77,10.47,0.00,25.31
716,2026-07-13T13:35:47Z,999.77,10.47,0.00,25.76
717,2026-07-13T13:35:48Z,999.77,10.80,0.00,25.68
718,2026-07-13T13:35:49Z,999.77,10.91,0.00,25.70
719,2026-07-13T13:35:50Z,999.77,11.66,0.00,25.43
720,2026-07-13T13:35:51Z,999.77,12.43,0.00,25.43
721,2026-07-13T13:35:52Z,999.78,13.00,0.00,25.59
722,2026-07-13T13:35:53Z,999.78,12.86,0.00,25.56
723,2026-07-13T13:35:54Z,999.79,12.68,0.00,24.93
724,2026-07-13T13:35:55Z,999.79,12.95,0.00,25.25
725,2026-07-13T13:35:56Z,999.79,13.15,0.00,25.35
726,2026-07-13T13:35:57Z,999.79,12.87,0.00,25.40
727,2026-07-13T13:35:58Z,999.79,12.68,0.00,25.49
728,2026-07-13T13:35:59Z,999.79,12.83,0.00,25.06
729,2026-07-13T13:36:00Z,999.79,12.91,0.00,25.15
730,2026-07-13T13:36:01Z,999.78,12.76,0.00,25.20
731,2026-07-13T13:36:02Z,999.78,12.51,0.00,25.08
732,2026-07-13T13:36:03Z,999.78,12.50,0.00,25.28
733,2026-07-13T13:36:04Z,999.78,12.74,0.00,25.30
734,2026-07-13T13:36:05Z,999.78,12.90,0.00,25.07
735,2026-07-13T13:36:06Z,999.78,13.35,0.00,25.20
736,2026-07-13T13:36:07Z,999.78,12.93,0.00,25.03
737,2026-07-13T13:36:08Z,999.78,12.85,0.00,25.34
738,2026-07-13T13:36:09Z,999.78,13.03,0.00,25.22
739,2026-07-13T13:36:10Z,999.78,13.12,0.00,25.32
740,2026-07-13T13:36:11Z,999.77,13.35,0.00,25.14
741,2026-07-13T13:36:12Z,999.77,13.18,0.00,25.30
742,2026-07-13T13:36:13Z,999.77,13.14,0.00,25.47
743,2026-07-13T13:36:14Z,999.77,13.09,0.00,25.29
744,2026-07-13T13:36:15Z,999.77,13.42,0.00,25.03
745,2026-07-13T13:36:16Z,999.77,13.52,0.00,25.35
746,2026-07-13T13:36:17Z,999.77,13.39,0.00,25.07
747,2026-07-13T13:36:18Z,999.76,13.24,0.00,24.92
748,2026-07-13T13:36:19Z,999.76,13.40,0.00,24.58
749,2026-07-13T13:36:20Z,999.76,13.34,0.00,24.36
750,2026-07-13T13:36:21Z,999.76,13.53,0.00,23.95
751,2026-07-13T13:36:22Z,999.76,14.03,1.78,22.07
752,2026-07-13T13:36:23Z,999.76,14.27,2.50,22.84
753,2026-07-13T13:36:24Z,999.77,13.97,2.97,23.90
754,2026-07-13T13:36:25Z,999.77,13.78,4.02,24.96
755,2026-07-13T13:36:26Z,999.77,13.72,4.66,30.91
756,2026-07-13T13:36:27Z,999.77,13.57,4.97,22.50
757,2026-07-13T13:36:28Z,999.77,13.47,4.70,34.41
758,2026-07-13T13:36:29Z,999.77,13.35,4.87,33.63
759,2026-07-13T13:36:30Z,999.78,13.39,5.17,37.16
760,2026-07-13T13:36:31Z,999.79,13.50,6.10,39.04
761,2026-07-13T13:36:32Z,999.81,12.60,7.62,35.95
762,2026-07-13T13:36:33Z,999.81,13.12,7.85,42.20
763,2026-07-13T13:36:34Z,999.83,11.91,8.00,41.59
764,2026-07-13T13:36:35Z,999.85,12.51,8.44,36.86
765,2026-07-13T13:36:36Z,999.88,12.72,7.97,39.74
766,2026-07-13T13:36:37Z,999.92,13.44,6.89,42.30
767,2026-07-13T13:36:38Z,999.98,13.44,6.89,41.72
768,2026-07-13T13:36:39Z,1000.05,12.40,4.77,35.73
769,2026-07-13T13:36:40Z,1000.12,11.41,3.92,32.57
770,2026-07-13T13:36:41Z,1000.19,10.47,2.65,32.05
771,2026-07-13T13:36:42Z,1000.24,10.59,1.78,34.99
772,2026-07-13T13:36:43Z,1000.28,10.29,1.42,38.78
773,2026-07-13T13:36:44Z,1000.31,10.19,0.86,36.40
774,2026-07-13T13:36:45Z,1000.33,10.67,1.11,32.97
775,2026-07-13T13:36:46Z,1000.35,10.45,1.52,32.46
776,2026-07-13T13:36:47Z,1000.37,10.30,1.49,28.98
777,2026-07-13T13:36:48Z,1000.39,10.28,1.66,28.04
778,2026-07-13T13:36:49Z,1000.40,10.12,2.14,22.97
779,2026-07-13T13:36:50Z,1000.42,9.96,1.95,17.81
780,2026-07-13T13:36:51Z,1000.44,9.92,1.54,16.60
781,2026-07-13T13:36:52Z,1000.45,9.96,1.41,17.76
782,2026-07-13T13:36:53Z,1000.47,9.87,1.14,16.87
783,2026-07-13T13:36:54Z,1000.47,9.93,0.22,18.91
784,2026-07-13T13:36:55Z,1000.48,9.70,0.14,19.08
785,2026-07-13T13:36:56Z,1000.48,9.46,0.00,19.35
786,2026-07-13T13:36:57Z,1000.47,9.46,0.00,19.54
787,2026-07-13T13:36:58Z,1000.47,9.23,0.00,19.98
788,2026-07-13T13:36:59Z,1000.47,9.22,0.00,19.21
789,2026-07-13T13:37:00Z,1000.46,9.02,0.00,17.88
790,2026-07-13T13:37:01Z,1000.46,9.67,0.00,18.55
791,2026-07-13T13:37:02Z,1000.46,9.78,0.00,18.36
792,2026-07-13T13:37:03Z,1000.46,9.76,0.00,18.68
793,2026-07-13T13:37:04Z,1000.46,9.94,0.00,18.56
794,2026-07-13T13:37:05Z,1000.46,10.42,0.00,18.77
795,2026-07-13T13:37:06Z,1000.46,11.15,0.00,18.65
796,2026-07-13T13:37:07Z,1000.46,11.83,0.00,19.08
797,2026-07-13T13:37:08Z,1000.45,11.56,0.00,18.64
798,2026-07-13T13:37:09Z,1000.45,11.75,0.00,18.91
799,2026-07-13T13:37:10Z,1000.45,12.13,0.00,18.49
800,2026-07-13T13:37:11Z,1000.45,12.23,0.00,18.96
801,2026-07-13T13:37:12Z,1000.45,12.43,0.00,18.96
802,2026-07-13T13:37:13Z,1000.45,13.18,0.00,18.66
803,2026-07-13T13:37:14Z,1000.45,13.63,0.00,18.73
804,2026-07-13T13:37:15Z,1000.45,14.23,0.00,17.69
805,2026-07-13T13:37:16Z,1000.45,14.65,0.00,16.83
806,2026-07-13T13:37:17Z,1000.45,15.04,0.02,18.19
807,2026-07-13T13:37:18Z,1000.46,15.19,0.00,17.13
808,2026-07-13T13:37:19Z,1000.46,15.60,0.00,17.38
809,2026-07-13T13:37:20Z,1000.46,15.82,0.00,16.19
810,2026-07-13T13:37:21Z,1000.46,15.61,0.00,16.07
811,2026-07-13T13:37:22Z,1000.47,15.41,0.00,16.07
812,2026-07-13T13:37:23Z,1000.47,15.40,0.00,15.64
813,2026-07-13T13:37:24Z,1000.47,15.67,0.61,15.53
814,2026-07-13T13:37:25Z,1000.47,15.61,1.53,15.69
815,2026-07-13T13:37:26Z,1000.47,15.35,1.73,15.17
816,2026-07-13T13:37:27Z,1000.46,15.38,1.45,14.70
817,2026-07-13T13:37:28Z,1000.45,15.28,0.90,15.99
818,2026-07-13T13:37:29Z,1000.45,15.09,0.53,16.05
819,2026-07-13T13:37:30Z,1000.45,14.87,0.00,15.75
820,2026-07-13T13:37:31Z,1000.45,15.34,0.00,15.90
821,2026-07-13T13:37:32Z,1000.45,15.34,0.00,15.42
822,2026-07-13T13:37:33Z,1000.46,15.34,0.00,15.07
823,2026-07-13T13:37:34Z,1000.46,15.89,0.00,13.77
824,2026-07-13T13:37:35Z,1000.46,16.04,0.13,16.31
825,2026-07-13T13:37:36Z,1000.45,16.00,0.00,14.35
826,2026-07-13T13:37:37Z,1000.44,16.08,0.00,14.06
827,2026-07-13T13:37:38Z,1000.43,16.43,0.13,15.41
828,2026-07-13T13:37:39Z,1000.42,16.34,0.00,15.49
829,2026-07-13T13:37:40Z,1000.41,16.25,0.01,11.00
830,2026-07-13T13:37:41Z,1000.41,16.04,0.03,28.83
831,2026-07-13T13:37:42Z,1000.41,16.14,0.22,26.95
832,2026-07-13T13:37:43Z,1000.41,15.89,0.23,25.08
833,2026-07-13T13:37:44Z,1000.40,15.94,0.16,24.96
834,2026-07-13T13:37:45Z,1000.40,16.30,0.11,23.87
835,2026-07-13T13:37:46Z,1000.39,16.11,0.00,23.26
836,2026-07-13T13:37:47Z,1000.39,16.41,0.11,22.88
837,2026-07-13T13:37:48Z,1000.38,16.26,0.00,22.92
838,2026-07-13T13:37:49Z,1000.38,16.04,0.00,23.07
839,2026-07-13T13:37:50Z,1000.38,15.93,0.00,22.87
840,2026-07-13T13:37:51Z,1000.38,16.17,0.00,22.87
841,2026-07-13T13:37:52Z,1000.38,16.09,0.00,22.64
842,2026-07-13T13:37:53Z,1000.38,16.01,0.00,22.79
843,2026-07-13T13:37:54Z,1000.38,16.24,0.09,22.38
844,2026-07-13T13:37:55Z,1000.39,16.09,0.00,23.77
845,2026-07-13T13:37:56Z,1000.39,16.82,0.17,26.25
846,2026-07-13T13:37:57Z,1000.40,16.67,0.00,25.82
847,2026-07-13T13:37:58Z,1000.41,16.33,0.00,24.77
848,2026-07-13T13:37:59Z,1000.42,16.42,0.00,24.88
849,2026-07-13T13:38:00Z,1000.42,16.50,0.00,24.73
850,2026-07-13T13:38:01Z,1000.43,16.46,0.51,24.50
851,2026-07-13T13:38:02Z,1000.43,16.41,0.74,24.56
852,2026-07-13T13:38:03Z,1000.42,16.57,0.00,24.77
853,2026-07-13T13:38:04Z,1000.42,16.48,0.39,24.86
854,2026-07-13T13:38:05Z,1000.42,16.69,0.00,24.63
855,2026-07-13T13:38:06Z,1000.43,16.99,0.00,25.21
856,2026-07-13T13:38:07Z,1000.43,17.40,0.00,24.82
857,2026-07-13T13:38:08Z,1000.43,17.90,0.00,24.93
858,2026-07-13T13:38:09Z,1000.43,17.94,0.00,24.69
859,2026-07-13T13:38:10Z,1000.43,17.88,0.00,24.51
860,2026-07-13T13:38:11Z,1000.43,17.84,0.00,23.73
861,2026-07-13T13:38:12Z,1000.43,17.69,1.58,23.35
862,2026-07-13T13:38:13Z,1000.43,17.45,2.95,24.49
863,2026-07-13T13:38:14Z,1000.42,17.19,4.44,25.35
864,2026-07-13T13:38:15Z,1000.41,16.70,5.44,24.71
865,2026-07-13T13:38:16Z,1000.39,16.19,6.20,23.48
866,2026-07-13T13:38:17Z,1000.36,16.20,7.16,24.33
867,2026-07-13T13:38:18Z,1000.34,14.20,8.18,24.73
868,2026-07-13T13:38:19Z,1000.27,13.18,9.08,25.66
869,2026-07-13T13:38:20Z,1000.27,11.28,9.47,25.66
870,2026-07-13T13:38:21Z,1000.23,11.28,10.10,25.31
871,2026-07-13T13:38:22Z,1000.21,9.62,10.62,25.29
872,2026-07-13T13:38:23Z,1000.17,9.72,11.23,25.58
873,2026-07-13T13:38:24Z,1000.13,14.57,11.39,26.40
874,2026-07-13T13:38:25Z,1000.11,14.96,11.17,26.22
875,2026-07-13T13:38:26Z,1000.11,14.32,10.86,26.17
876,2026-07-13T13:38:27Z,1000.12,13.04,10.47,24.33
877,2026-07-13T13:38:28Z,1000.15,12.61,10.41,23.70
878,2026-07-13T13:38:29Z,1000.19,12.33,9.81,23.37
879,2026-07-13T13:38:30Z,1000.22,8.93,9.44,23.54
880,2026-07-13T13:38:31Z,1000.25,8.93,9.44,24.14
881,2026-07-13T13:38:32Z,1000.26,6.75,7.82,24.37
882,2026-07-13T13:38:33Z,1000.27,6.00,6.46,23.70
883,2026-07-13T13:38:34Z,1000.29,5.79,4.79,19.44
884,2026-07-13T13:38:35Z,1000.30,5.79,3.62,19.03
885,2026-07-13T13:38:36Z,1000.33,5.43,3.60,16.87
886,2026-07-13T13:38:37Z,1000.36,5.18,3.85,19.51
887,2026-07-13T13:38:38Z,1000.39,4.93,4.79,70.97
888,2026-07-13T13:38:39Z,1000.43,4.81,6.57,74.18
889,2026-07-13T13:38:40Z,1000.47,4.68,9.31,77.54
890,2026-07-13T13:38:41Z,1000.49,4.41,10.65,77.65
891,2026-07-13T13:38:42Z,1000.53,3.50,11.16,78.33
892,2026-07-13T13:38:43Z,1000.59,4.00,12.15,78.75
893,2026-07-13T13:38:44Z,1000.64,4.19,12.74,79.16
894,2026-07-13T13:38:45Z,1000.69,4.15,13.13,78.02
895,2026-07-13T13:38:46Z,1000.77,3.87,13.19,79.03
896,2026-07-13T13:38:47Z,1000.86,4.34,13.35,80.52
897,2026-07-13T13:38:48Z,1000.94,4.90,13.70,79.95
898,2026-07-13T13:38:49Z,1001.03,5.06,13.82,78.93
899,2026-07-13T13:38:50Z,1001.15,4.14,13.94,79.73
900,2026-07-13T13:38:51Z,1001.25,4.39,13.87,80.09
901,2026-07-13T13:38:52Z,1001.35,4.61,13.76,81.17
902,2026-07-13T13:38:53Z,1001.43,4.72,13.39,83.26
903,2026-07-13T13:38:54Z,1001.52,4.88,13.10,84.08
904,2026-07-13T13:38:55Z,1001.62,5.22,12.14,79.88
905,2026-07-13T13:38:56Z,1001.71,5.62,10.79,83.84
906,2026-07-13T13:38:57Z,1001.81,6.01,8.38,82.97
907,2026-07-13T13:38:58Z,1001.94,6.01,5.34,85.74
908,2026-07-13T13:38:59Z,1002.08,5.76,2.24,80.99
909,2026-07-13T13:39:00Z,1002.19,5.52,1.59,78.38
910,2026-07-13T13:39:01Z,1002.30,5.40,2.66,75.74
911,2026-07-13T13:39:02Z,1002.39,5.08,3.63,77.16
912,2026-07-13T13:39:03Z,1002.44,4.72,5.11,14.51
913,2026-07-13T13:39:04Z,1002.46,7.82,5.86,15.67
914,2026-07-13T13:39:05Z,1002.48,10.02,6.46,35.32
915,2026-07-13T13:39:06Z,1002.49,10.73,7.28,37.60
916,2026-07-13T13:39:07Z,1002.50,10.17,7.53,35.58
917,2026-07-13T13:39:08Z,1002.51,9.65,7.21,36.90
918,2026-07-13T13:39:09Z,1002.55,9.65,7.21,33.22
919,2026-07-13T13:39:10Z,1002.60,4.90,5.08,30.73
920,2026-07-13T13:39:11Z,1002.65,4.84,4.00,29.13
921,2026-07-13T13:39:12Z,1002.70,4.81,3.04,27.80
922,2026-07-13T13:39:13Z,1002.75,4.86,2.16,25.08
923,2026-07-13T13:39:14Z,1002.79,4.86,2.16,22.81
924,2026-07-13T13:39:15Z,1002.81,4.99,1.40,24.77
925,2026-07-13T13:39:16Z,1002.82,5.18,0.24,33.54
926,2026-07-13T13:39:17Z,1002.82,5.22,0.13,31.05
927,2026-07-13T13:39:18Z,1002.83,5.46,0.52,23.73
928,2026-07-13T13:39:19Z,1002.83,5.69,0.65,26.88
929,2026-07-13T13:39:20Z,1002.83,6.03,0.70,32.80
930,2026-07-13T13:39:21Z,1002.83,6.53,0.00,27.19
931,2026-07-13T13:39:22Z,1002.83,6.85,0.00,25.29
932,2026-07-13T13:39:23Z,1002.83,7.60,1.12,23.27
933,2026-07-13T13:39:24Z,1002.82,8.48,1.06,16.87
934,2026-07-13T13:39:25Z,1002.82,9.51,0.96,26.47
935,2026-07-13T13:39:26Z,1002.81,10.68,0.86,17.13
936,2026-07-13T13:39:27Z,1002.81,11.99,0.96,31.47
937,2026-07-13T13:39:28Z,1002.80,13.47,1.10,56.30
938,2026-07-13T13:39:29Z,1002.79,15.10,1.07,49.07
939,2026-07-13T13:39:30Z,1002.78,16.92,0.99,41.77
940,2026-07-13T13:39:31Z,1002.77,18.89,0.83,52.04
941,2026-07-13T13:39:32Z,1002.77,19.73,0.82,47.18
942,2026-07-13T13:39:33Z,1002.77,19.73,0.82,44.93
943,2026-07-13T13:39:34Z,1002.77,19.73,0.82,42.21
944,2026-07-13T13:39:35Z,1002.77,19.73,0.82,32.43
945,2026-07-13T13:39:36Z,1002.77,19.73,0.82,17.51
946,2026-07-13T13:39:37Z,1002.77,19.73,0.82,62.31
947,2026-07-13T13:39:38Z,1002.76,19.73,0.82,57.32
948,2026-07-13T13:39:39Z,1002.75,19.73,0.82,46.51
949,2026-07-13T13:39:40Z,1002.74,19.73,0.82,37.13
950,2026-07-13T13:39:41Z,1002.74,19.73,0.82,22.23
951,2026-07-13T13:39:42Z,1002.75,19.73,0.82,37.46
952,2026-07-13T13:39:43Z,1002.76,19.73,0.82,50.37
953,2026-07-13T13:39:44Z,1002.78,19.73,0.82,57.74
954,2026-07-13T13:39:45Z,1002.80,19.73,0.82,31.97
955,2026-07-13T13:39:46Z,1002.82,19.73,0.82,37.22
956,2026-07-13T13:39:47Z,1002.84,19.73,0.82,41.49
957,2026-07-13T13:39:48Z,1002.85,19.73,0.82,44.10
958,2026-07-13T13:39:49Z,1002.87,19.73,0.82,42.34
959,2026-07-13T13:39:50Z,1002.88,19.73,0.82,53.69
960,2026-07-13T13:39:51Z,1002.90,19.73,0.82,56.61
961,2026-07-13T13:39:52Z,1002.91,19.73,0.82,69.96
962,2026-07-13T13:39:53Z,1002.93,19.73,0.82,42.67
963,2026-07-13T13:39:54Z,1002.95,19.73,0.82,68.61
964,2026-07-13T13:39:55Z,1002.97,19.73,0.82,63.73
965,2026-07-13T13:39:56Z,1002.99,19.73,0.82,61.38
966,2026-07-13T13:39:57Z,1003.01,19.73,0.82,61.38
967,2026-07-13T13:39:58Z,1003.03,19.73,0.82,79.45
968,2026-07-13T13:39:59Z,1003.06,19.73,0.82,45.03
969,2026-07-13T13:40:00Z,1003.09,19.73,0.82,56.77
970,2026-07-13T13:40:01Z,1003.11,19.73,0.82,69.87
971,2026-07-13T13:40:02Z,1003.13,19.73,0.82,64.94
972,2026-07-13T13:40:03Z,1003.13,19.73,0.82,44.63
973,2026-07-13T13:40:04Z,1003.13,513.38,0.00,83.16
974,2026-07-13T13:40:05Z,1003.13,513.38,0.00,52.91
975,2026-07-13T13:40:06Z,1003.13,513.38,0.00,74.58
976,2026-07-13T13:40:07Z,1003.13,513.38,0.00,51.90
977,2026-07-13T13:40:08Z,1003.13,513.38,0.00,72.03
978,2026-07-13T13:40:09Z,1003.13,513.38,0.00,58.18
979,2026-07-13T13:40:10Z,1003.13,513.38,0.00,59.40
980,2026-07-13T13:40:11Z,1003.12,513.38,0.00,44.80
981,2026-07-13T13:40:12Z,1003.11,513.38,0.00,36.93
982,2026-07-13T13:40:13Z,1003.10,513.38,0.00,55.92
983,2026-07-13T13:40:14Z,1003.09,513.38,0.00,54.06
984,2026-07-13T13:40:15Z,1003.09,513.38,0.00,20.21
985,2026-07-13T13:40:16Z,1003.09,513.38,0.00,39.20
986,2026-07-13T13:40:17Z,1003.10,513.38,0.00,42.57
987,2026-07-13T13:40:18Z,1003.10,35.94,0.00,56.92
988,2026-07-13T13:40:19Z,1003.11,35.94,0.00,51.54
989,2026-07-13T13:40:20Z,1003.11,35.94,0.00,57.19
990,2026-07-13T13:40:21Z,1003.11,35.94,0.00,61.23
991,2026-07-13T13:40:22Z,1003.11,35.94,0.00,43.53
992,2026-07-13T13:40:23Z,1003.11,35.94,0.00,48.67
993,2026-07-13T13:40:24Z,1003.11,35.94,0.00,71.96
994,2026-07-13T13:40:25Z,1003.11,35.94,0.00,50.73
995,2026-07-13T13:40:26Z,1003.10,40.81,0.00,57.72
996,2026-07-13T13:40:27Z,1003.10,40.81,0.00,59.96
997,2026-07-13T13:40:28Z,1003.09,40.81,0.00,42.50
998,2026-07-13T13:40:29Z,1003.09,40.81,0.00,31.02
999,2026-07-13T13:40:30Z,1003.08,40.81,0.00,31.02
1000,2026-07-13T13:40:31Z,1003.08,40.81,0.00,12.92
1001,2026-07-13T13:40:32Z,1003.07,40.81,0.00,51.30
1002,2026-07-13T13:40:33Z,1003.07,40.81,0.00,43.83
1003,2026-07-13T13:40:34Z,1003.06,40.81,0.00,60.05
1004,2026-07-13T13:40:35Z,1003.06,40.81,0.00,23.02
1005,2026-07-13T13:40:36Z,1003.06,40.81,0.00,30.30
1006,2026-07-13T13:40:37Z,1003.06,40.81,0.00,43.12
1007,2026-07-13T13:40:38Z,1003.06,40.81,0.00,39.68
1008,2026-07-13T13:40:39Z,1003.08,40.81,0.00,32.14
1009,2026-07-13T13:40:40Z,1003.10,40.81,0.00,31.04
1010,2026-07-13T13:40:41Z,1003.12,40.81,0.00,34.79
1011,2026-07-13T13:40:42Z,1003.15,40.81,0.00,28.51
1012,2026-07-13T13:40:43Z,1003.16,40.81,0.00,34.70
1013,2026-07-13T13:40:44Z,1003.16,40.81,0.00,46.41
1014,2026-07-13T13:40:45Z,1003.16,40.81,0.00,44.52
1015,2026-07-13T13:40:46Z,1003.15,40.81,0.00,29.26

EXPECTED 925